{
	"info": {
		"_postman_id": "ecd0c9b0-92ed-4ec7-b68b-6d3b72bc4a7f",
		"name": "wolt",
		"schema": "https://schema.getpostman.com/json/collection/v2.1.0/collection.json"
	},
	"item": [
		{
			"name": "print opening hours",
			"request": {
				"method": "POST",
				"header": [],
				"body": {
					"mode": "raw",
					"raw": "{\r\n    \"monday\": [],\r\n    \"tuesday\": [\r\n        {\r\n            \"type\": \"open\",\r\n            \"value\": 3600\r\n        },\r\n        {\r\n            \"type\": \"close\",\r\n            \"value\": 7200\r\n        },\r\n        {\r\n            \"type\": \"open\",\r\n            \"value\": 36000\r\n        },\r\n        {\r\n            \"type\": \"close\",\r\n            \"value\": 64800\r\n        }\r\n    ],\r\n    \"wednesday\": [],\r\n    \"thursday\": [\r\n        {\r\n            \"type\": \"open\",\r\n            \"value\": 37800\r\n        },\r\n        {\r\n            \"type\": \"close\",\r\n            \"value\": 64800\r\n        }\r\n    ],\r\n    \"friday\": [\r\n        {\r\n            \"type\": \"open\",\r\n            \"value\": 36000\r\n        }\r\n    ],\r\n    \"saturday\": [\r\n        {\r\n            \"type\": \"close\",\r\n            \"value\": 3600\r\n        },\r\n        {\r\n            \"type\": \"open\",\r\n            \"value\": 36000\r\n        }\r\n    ],\r\n    \"sunday\": [\r\n        {\r\n            \"type\": \"close\",\r\n            \"value\": 3600\r\n        }\r\n    ]\r\n}",
					"options": {
						"raw": {
							"language": "json"
						}
					}
				},
				"url": {
					"raw": "http://localhost:8080/opening-hours",
					"protocol": "http",
					"host": [
						"localhost"
					],
					"port": "8080",
					"path": [
						"opening-hours"
					]
				}
			},
			"response": []
		}
	]
}